Product Name,Over_All_Rating,Price,Date,Rating,Name,Comment
Buy RARE RABBIT Men Benedict Spread Collar Cotton Slim Fit Shirt  - Shirts for Men 22219724 | Myntra,4.4,‚Çπ1574,3 Mar 2025,5,Dinesh,"I am extremely pleased with the shirt I ordered from Myntra. The quality and fabric are exceptional, exactly as I had expected. The material feels comfortable and durable, providing great value for the price. Additionally, the fitting is perfect, offering a sleek and flattering look. Overall, I am very satisfied with this purchase and would highly recommend it to others.


"
Buy RARE RABBIT Men Benedict Spread Collar Cotton Slim Fit Shirt  - Shirts for Men 22219724 | Myntra,4.4,‚Çπ1574,27 Jan 2025,4,Haricharan,"The Rare Rabbit brown shirt offers great quality with a stylish slim fit. The fabric feels comfortable and premium, making it suitable for both casual and semi-formal wear. The color is rich and pairs well with different outfits. However, the sizing runs slightly small, so consider ordering a size up. Overall, a great purchase with good value for money."
Buy RARE RABBIT Men Benedict Spread Collar Cotton Slim Fit Shirt  - Shirts for Men 22219724 | Myntra,4.4,‚Çπ1574,9 Jan 2025,5,Mahesh,PERFECT I SAY PERFECTüòç
Buy RARE RABBIT Men Benedict Spread Collar Cotton Slim Fit Shirt  - Shirts for Men 22219724 | Myntra,4.4,‚Çπ1574,26 Aug 2024,5,Vipul Malhotra,"Very comfortable fit, I have a number of RR shirts and all of them are just perfect. This one has a bit of shine, and also its more comfy than their satin ones since it‚Äôs fully cotton. Honestly, purchasing them at the right time when the offers are going on definitely just makes the shirt so much more worth it.
"
Buy RARE RABBIT Men Benedict Spread Collar Cotton Slim Fit Shirt  - Shirts for Men 22219724 | Myntra,4.4,‚Çπ1574,30 Nov 2024,4,Anurag Rudra,"Value for money. My ht is 5.11 and 32 waist, purchased M size Rare Rabbit shirt. Purchased in offer.  Quality is good as expected and the look and feel is just good. Just a little tight around waist. In all very good. 

But for me Nautica shirt of M size is perfect. "
Buy RARE RABBIT Men Benedict Spread Collar Cotton Slim Fit Shirt  - Shirts for Men 22219724 | Myntra,4.4,‚Çπ1574,7 June 2025,5,Haresh Thesiya,good qualityI recently purchased this item and I am extremely pleased with it. It is exactly as described and the quality is top-notch. The item arrived quickly and was packaged well. I have been using it regularly and it has exceeded my expectations. I would highly recommend this item to others.
Buy RARE RABBIT Men Benedict Spread Collar Cotton Slim Fit Shirt  - Shirts for Men 22219724 | Myntra,4.4,‚Çπ1574,25 Oct 2024,5,Sai Krishna,"I recently ordered a shirt, and I am very impressed with the quality. The color is vibrant and exactly as shown on the website, which I love. The fabric feels great‚Äîsoft, yet durable, making it very comfortable to wear. The fit is fantastic, fitting true to size and flattering without being too tight. Overall, a great purchase, and I would definitely recommend it!"
Buy RARE RABBIT Men Benedict Spread Collar Cotton Slim Fit Shirt  - Shirts for Men 22219724 | Myntra,4.4,‚Çπ1574,10 May 2024,5,Adhiti Sorab,"

""I recently purchased the Rare Rabbit grey shirt for my boyfriend, and I couldn't be happier with my choice. The color is a sophisticated grey that pairs well with any outfit, and the quality of the fabric is exceptional. It exudes a sense of elegance and class, making it perfect for both casual and formal occasions. Overall, I highly recommend this shirt for anyone looking to add a touch of refinement to their wardrobe."""
Buy RARE RABBIT Men Benedict Spread Collar Cotton Slim Fit Shirt  - Shirts for Men 22219724 | Myntra,4.4,‚Çπ1574,21 May 2024,5,Ashish Saxena,"Thanks.when you say it's premium.it is earlier I didn't believe in online clothes shopping bcz .. product quality was poor..but you guys are doing well providing premium clothes in premium variety and low cost clothes in average quality..
So thanks for keeping your honesty "
Buy RARE RABBIT Men Benedict Spread Collar Cotton Slim Fit Shirt  - Shirts for Men 22219724 | Myntra,4.4,‚Çπ1574,26 June 2025,5,Babli,Product quality is amezing. my brother like so much n looking so handsome in this cloth üòç 
Buy RARE RABBIT Men Benedict Spread Collar Cotton Slim Fit Shirt  - Shirts for Men 22219724 | Myntra,4.4,‚Çπ1574,26 Oct 2023,5,Mayur Joshi,"Awesome üòé I love it .... perfect,to be very honest brand.. thank you ‚ù§Ô∏è"
Buy RARE RABBIT Men Benedict Spread Collar Cotton Slim Fit Shirt  - Shirts for Men 22219724 | Myntra,4.4,‚Çπ1574,22 Aug 2024,5,Ankita Kanwar,"Bought it for my brother, he really liked it but said durlabh khargosh is just expensive. Quality is okay and stiching and fit is great. "
Buy RARE RABBIT Men Benedict Spread Collar Cotton Slim Fit Shirt  - Shirts for Men 22219724 | Myntra,4.4,‚Çπ1574,13 Sept 2024,5,Vishal,"The shirt quality n comfort  is good n like the fabric, giving a great look"
Buy RARE RABBIT Men Benedict Spread Collar Cotton Slim Fit Shirt  - Shirts for Men 22219724 | Myntra,4.4,‚Çπ1574,9 Jan 2025,5,Kankata Rajasekhar,"Excellent product, value for money "
Buy RARE RABBIT Men Benedict Spread Collar Cotton Slim Fit Shirt  - Shirts for Men 22219724 | Myntra,4.4,‚Çπ1574,30 Oct 2024,5,Manu,Perfectly fit. The sharpness of the fitting is amazing. The color comes out really well. 
Buy RARE RABBIT Men Benedict Spread Collar Cotton Slim Fit Shirt  - Shirts for Men 22219724 | Myntra,4.4,‚Çπ1574,25 Apr 2024,5,Meet,"Quality is good can be better because when you wash it 4-5 times the colour fades a bit otherwise the product is good, colour up to mark, much better than expected, and fit is also better than other brands"
Buy RARE RABBIT Men Benedict Spread Collar Cotton Slim Fit Shirt  - Shirts for Men 22219724 | Myntra,4.4,‚Çπ1574,11 May 2025,5,Tikeswar Patra,Product quality outstanding 
